Name,URL,Query,Rating,Reviews,Phone,Address,Website
49 Financial,https://www.google.com/maps/place/49+Financial/data=!4m7!3m6!1s0x8644cb814ce3d0c5:0x81cc075acc41fd1a!8m2!3d30.284915!4d-97.8266551!16s%2Fg%2F11g9dfnhw2!19sChIJxdDjTIHLRIYRGv1BzFoHzIE?authuser=0&hl=en&rclk=1,Financial Planners in Austin Texas,5.0,285,+1 512-241-7341,"916 S Capital of Texas Hwy Ste. 2.100, Austin, TX 78746, United States",49financial.com
Strategic Capital - Wealth Management Austin,https://www.google.com/maps/place/Strategic+Capital+-+Wealth+Management+Austin/data=!4m7!3m6!1s0x8644b50f8f595f43:0x576a84ab4ebdb998!8m2!3d30.2525326!4d-97.8007767!16s%2Fg%2F11fjtpcn08!19sChIJQ19Zjw-1RIYRmLm9TquEalc?authuser=0&hl=en&rclk=1,Financial Planners in Austin Texas,5.0,89,+1 512-900-0792,"2700 Vía Fortuna #100, Austin, TX 78746, United States",strat-capital.com
REAP Financial,https://www.google.com/maps/place/REAP+Financial/data=!4m7!3m6!1s0x865b32cc85e86c15:0xc1b20f1166bc4eed!8m2!3d30.4500828!4d-97.7874151!16s%2Fg%2F1thz220x!19sChIJFWzohcwyW4YR7U68ZhEPssE?authuser=0&hl=en&rclk=1,Financial Planners in Austin Texas,4.9,125,+1 512-249-7300,"9414 Anderson Mill Rd #100, Austin, TX 78729, United States",reapfinancial.com
"Tuyyo Planning Group, LLC","https://www.google.com/maps/place/Tuyyo+Planning+Group,+LLC/data=!4m7!3m6!1s0x8644cdf2bbabaaa5:0x4dd09ff98ac4f97a!8m2!3d30.4659183!4d-97.7784753!16s%2Fg%2F11j0r5gdf1!19sChIJpaqru_LNRIYRevnEivmf0E0?authuser=0&hl=en&rclk=1",Financial Planners in Austin Texas,5.0,13,+1 512-522-0201,"13317 Perthshire St, Austin, TX 78729, United States",tuyyoplanning.com
The Art of Finance,https://www.google.com/maps/place/The+Art+of+Finance/data=!4m7!3m6!1s0x8644b509be355935:0x6bd6d972c6376254!8m2!3d30.4436422!4d-97.6957861!16s%2Fg%2F11c53qlcqy!19sChIJNVk1vgm1RIYRVGI3xnLZ1ms?authuser=0&hl=en&rclk=1,Financial Planners in Austin Texas,5.0,22,+1 814-682-2266,"14205 N Mopac Expy 5th Floor, Austin, TX 78728, United States",theartoffinance.biz
Austin Wealth Management,https://www.google.com/maps/place/Austin+Wealth+Management/data=!4m7!3m6!1s0x865b4a8fcb3981c1:0x8e009fdbcdba9e8!8m2!3d30.2795683!4d-97.8190763!16s%2Fg%2F11b6vhzz2s!19sChIJwYE5y49KW4YR6KnbvP0J4Ag?authuser=0&hl=en&rclk=1,Financial Planners in Austin Texas,4.8,8,+1 512-467-2000,"1301 S Capital of Texas Hwy C-200, Austin, TX 78746, United States",austinwealthmgmt.com
"Centennial Advisors, LLC","https://www.google.com/maps/place/Centennial+Advisors,+LLC/data=!4m7!3m6!1s0x865b33041b560ca9:0xde0337895fed2405!8m2!3d30.3941763!4d-97.8479659!16s%2Fg%2F11hdvqyyy2!19sChIJqQxWGwQzW4YRBSTtX4k3A94?authuser=0&hl=en&rclk=1",Financial Planners in Austin Texas,4.8,24,+1 512-265-5000,"10815 Ranch Rd 2222 Bldg 3C, Suite 200, Austin, TX 78730, United States",iwanttoretirewell.com
Austin Private Wealth,https://www.google.com/maps/place/Austin+Private+Wealth/data=!4m7!3m6!1s0x8644cb0227e1a237:0xf6d7d9f7cbaee77a!8m2!3d30.3008846!4d-97.7463828!16s%2Fg%2F11j8p4dwb3!19sChIJN6LhJwLLRIYReueuy_fZ1_Y?authuser=0&hl=en&rclk=1,Financial Planners in Austin Texas,3.7,3,+1 512-886-4114,"3108 N Lamar Blvd Suite B 100, Austin, TX 78705, United States",austinprivatewealth.com
Retirement Planners of America,https://www.google.com/maps/place/Retirement+Planners+of+America/data=!4m7!3m6!1s0x8644cd95a06cd8d3:0xe3054b40c54b3ad2!8m2!3d30.4007133!4d-97.7348233!16s%2Fg%2F11ngkzkgcd!19sChIJ09hsoJXNRIYR0jpLxUBLBeM?authuser=0&hl=en&rclk=1,Financial Planners in Austin Texas,4.9,63,+1 512-593-7400,"10900-B, Stonelake Blvd Suite 205, Austin, TX 78759, United States",retirementplannersofamerica.com
Ark Financial Group,https://www.google.com/maps/place/Ark+Financial+Group/data=!4m7!3m6!1s0x8644cb09342c9921:0xf32237dcce023fa2!8m2!3d30.464497!4d-97.8016656!16s%2Fg%2F1q64b7kjp!19sChIJIZksNAnLRIYRoj8Cztw3IvM?authuser=0&hl=en&rclk=1,Financial Planners in Austin Texas,5.0,8,+1 512-660-5703,"10800 Pecan Park Blvd #100, Austin, TX 78750, United States",arkfinancial.com
Austin Asset,https://www.google.com/maps/place/Austin+Asset/data=!4m7!3m6!1s0x8644cb05eb408a2d:0x42a58700b49a6e3d!8m2!3d30.354735!4d-97.7487003!16s%2Fg%2F1td0gx9w!19sChIJLYpA6wXLRIYRPW6atACHpUI?authuser=0&hl=en&rclk=1,Financial Planners in Austin Texas,5.0,1,+1 512-453-6622,"7200 N Mopac Expy #315, Austin, TX 78731, United States",austinasset.com
Austin First Financial,https://www.google.com/maps/place/Austin+First+Financial/data=!4m7!3m6!1s0x8644b5738e829d69:0xe2a269ed4d9e1796!8m2!3d30.2794711!4d-97.7475344!16s%2Fg%2F1ttyx3p9!19sChIJaZ2CjnO1RIYRlheeTe1pouI?authuser=0&hl=en&rclk=1,Financial Planners in Austin Texas,5.0,1,+1 512-638-9499,"1502 West Ave #204, Austin, TX 78701, United States",austinfirstfinancial.com
NEST Financial,https://www.google.com/maps/place/NEST+Financial/data=!4m7!3m6!1s0x8644b74e71375df7:0x2ac0557b546ee98c!8m2!3d30.3246388!4d-97.7278869!16s%2Fg%2F11f73ztlxz!19sChIJ9103cU63RIYRjOluVHtVwCo?authuser=0&hl=en&rclk=1,Financial Planners in Austin Texas,5.0,9,+1 512-944-4882,"5540 N Lamar Blvd, Austin, TX 78756, United States",nestfinancial.net
The Fox Alliance,https://www.google.com/maps/place/The+Fox+Alliance/data=!4m7!3m6!1s0x865b4bc4b90f713b:0xf008979ec1d71cfb!8m2!3d30.2299629!4d-97.8603201!16s%2Fg%2F11cmpfhth3!19sChIJO3EPucRLW4YR-xzXwZ6XCPA?authuser=0&hl=en&rclk=1,Financial Planners in Austin Texas,5.0,24,+1 512-327-1980,"5920 W William Cannon Dr Bld. 7 - Ste. 201, Austin, TX 78749, United States",thefoxalliance.com
Archer Investment Management,https://www.google.com/maps/place/Archer+Investment+Management/data=!4m7!3m6!1s0x8644b5083822eebd:0xcf2789831664cf6!8m2!3d30.3160935!4d-97.7518503!16s%2Fg%2F1pp2vll8m!19sChIJve4iOAi1RIYR9kxmMZh48gw?authuser=0&hl=en&rclk=1,Financial Planners in Austin Texas,5.0,2,+1 800-840-5946,"4411 Authentic Dr, Austin, TX 78731, United States",archerim.com
"Lucien, Stirling & Gray Advisory Group","https://www.google.com/maps/place/Lucien,+Stirling+%26+Gray+Advisory+Group/data=!4m7!3m6!1s0x8644ca7bf77ce1f1:0x765b631ab38c3409!8m2!3d30.3618896!4d-97.7457969!16s%2Fg%2F1tlqqct3!19sChIJ8eF893vKRIYRCTSMsxpjW3Y?authuser=0&hl=en&rclk=1",Financial Planners in Austin Texas,5.0,2,+1 512-458-2517,"7800 N Mopac Expy STE 340, Austin, TX 78759, United States",lsggroup.com
"Edward Jones - Financial Advisor: Lisa Deterding, AAMS™","https://www.google.com/maps/place/Edward+Jones+-+Financial+Advisor:+Lisa+Deterding,+AAMS%E2%84%A2/data=!4m7!3m6!1s0x865b51a10c3ac0d5:0xb4a1aa44a37c6e80!8m2!3d30.1735758!4d-97.8148012!16s%2Fg%2F11f65dbzsy!19sChIJ1cA6DKFRW4YRgG58o0SqobQ?authuser=0&hl=en&rclk=1",Financial Planners in Austin Texas,5.0,2,+1 512-215-4196,"1217 W Slaughter Ln Suite 120, Austin, TX 78748, United States",edwardjones.com
"Modern Wealth Strategies, PLLC","https://www.google.com/maps/place/Modern+Wealth+Strategies,+PLLC/data=!4m7!3m6!1s0x865b4d709adab04d:0x39f2143dbdba3f47!8m2!3d30.1498105!4d-97.7076236!16s%2Fg%2F11v6xxtlj6!19sChIJTbDamnBNW4YRRz-6vT0U8jk?authuser=0&hl=en&rclk=1",Financial Planners in Austin Texas,5.0,20,+1 512-698-5076,"7704 Ellas Inlt Dr, Austin, TX 78744, United States",modernwealthatx.com
Edward Jones - Financial Advisor: David N Van Winkle,https://www.google.com/maps/place/Edward+Jones+-+Financial+Advisor:+David+N+Van+Winkle/data=!4m7!3m6!1s0x8644ca7b92c96097:0xf383675ccf6e5190!8m2!3d30.3090534!4d-97.7415772!16s%2Fg%2F11clt83dnr!19sChIJl2DJknvKRIYRkFFuz1xng_M?authuser=0&hl=en&rclk=1,Financial Planners in Austin Texas,5.0,1,+1 512-323-0060,"4015 Marathon Blvd, Austin, TX 78756, United States",edwardjones.com
"Hamilton Financial Planning, LLC","https://www.google.com/maps/place/Hamilton+Financial+Planning,+LLC/data=!4m7!3m6!1s0x865b3992c662705b:0xd0ff88f2ae59077a!8m2!3d30.3627876!4d-97.9818935!16s%2Fg%2F1tdp0wty!19sChIJW3BixpI5W4YRegdZrvKI_9A?authuser=0&hl=en&rclk=1",Financial Planners in Austin Texas,5.0,3,+1 512-261-0808,"1202 Lakeway Dr Suite 7, Austin, TX 78734, United States",hamiltonfinancialplanning.com
"Edward Jones - Financial Advisor: Kelly D Mahmoud, AAMS™","https://www.google.com/maps/place/Edward+Jones+-+Financial+Advisor:+Kelly+D+Mahmoud,+AAMS%E2%84%A2/data=!4m7!3m6!1s0x8644b57dfab447c1:0x3433544af19a98cb!8m2!3d30.2979426!4d-97.7470955!16s%2Fg%2F1th5_5ls!19sChIJwUe0-n21RIYRy5ia8UpUMzQ?authuser=0&hl=en&rclk=1",Financial Planners in Austin Texas,0.0,0,+1 512-472-9470,"2905 San Gabriel St #201, Austin, TX 78705, United States",edwardjones.com
"Jeanne A Underwood - Financial Advisor, Ameriprise Financial Services, LLC","https://www.google.com/maps/place/Jeanne+A+Underwood+-+Financial+Advisor,+Ameriprise+Financial+Services,+LLC/data=!4m7!3m6!1s0x8644cb42aecb2ffb:0x1192d6e8b975de70!8m2!3d30.3707362!4d-97.7560252!16s%2Fg%2F1tcylf83!19sChIJ-y_LrkLLRIYRcN51uejWkhE?authuser=0&hl=en&rclk=1",Financial Planners in Austin Texas,5.0,1,+1 512-256-8282,"4131 Spicewood Springs Rd STE N11, Austin, TX 78759, United States",ameripriseadvisors.com
Maslow Wealth Advisors,https://www.google.com/maps/place/Maslow+Wealth+Advisors/data=!4m7!3m6!1s0x8644b5062945a483:0x860f4a3283e9ebc!8m2!3d30.2601273!4d-97.7913748!16s%2Fg%2F1vrqb0cm!19sChIJg6RFKQa1RIYRvJ4-KKP0YAg?authuser=0&hl=en&rclk=1,Financial Planners in Austin Texas,4.0,3,+1 512-610-6930,"1601 S MoPac Expy #125d, Austin, TX 78746, United States",durbinbennettwealth.com
Orchard Financial Group,https://www.google.com/maps/place/Orchard+Financial+Group/data=!4m7!3m6!1s0x865b4ddf6fedc4e1:0xd08e91e5dbe32282!8m2!3d30.2625058!4d-97.7428219!16s%2Fg%2F11jnz45kjk!19sChIJ4cTtb99NW4YRgiLj2-WRjtA?authuser=0&hl=en&rclk=1,Financial Planners in Austin Texas,5.0,6,+1 512-655-3444,"98 San Jacinto Blvd #400, Austin, TX 78701, United States",orchardfinancial.com
Mercer Advisors,https://www.google.com/maps/place/Mercer+Advisors/data=!4m7!3m6!1s0x865b4b5c850765df:0xb1a71200c98d7e94!8m2!3d30.2643418!4d-97.7813556!16s%2Fg%2F11h4xh7jdb!19sChIJ32UHhVxLW4YRlH6NyQASp7E?authuser=0&hl=en&rclk=1,Financial Planners in Austin Texas,0.0,0,+1 512-347-9500,"Barton Oaks Plaza One, 901 S MoPac Expy 2 Suite 270, Austin, TX 78746, United States",merceradvisors.com
Integrated Financial Planning Center,https://www.google.com/maps/place/Integrated+Financial+Planning+Center/data=!4m7!3m6!1s0x865b4ac7c0d9b963:0x8eb4c5189e6d9646!8m2!3d30.2644679!4d-97.7824735!16s%2Fg%2F1tj89vm4!19sChIJY7nZwMdKW4YRRpZtnhjFtI4?authuser=0&hl=en&rclk=1,Financial Planners in Austin Texas,5.0,1,+1 512-327-9311,"901 S MoPac Expy Building 1, Suite 300, Austin, TX 78746, United States",ifp-center.com
Fiduciary Financial Advisors,https://www.google.com/maps/place/Fiduciary+Financial+Advisors/data=!4m7!3m6!1s0x8644cda7eadf7a39:0x92dc214d5ed94efd!8m2!3d30.395445!4d-97.7539705!16s%2Fg%2F11q7f5sh1l!19sChIJOXrf6qfNRIYR_U7ZXk0h3JI?authuser=0&hl=en&rclk=1,Financial Planners in Austin Texas,5.0,9,+1 512-710-5089,"9600 Great Hills Trl Suite 150W, Austin, TX 78759, United States",forfiduciary.com
"Ryan Nolan, CFP® ChFC® - Austin Financial Advisor","https://www.google.com/maps/place/Ryan+Nolan,+CFP%C2%AE+ChFC%C2%AE+-+Austin+Financial+Advisor/data=!4m7!3m6!1s0x8644cdc21f7a7523:0xcd20692b065a4be2!8m2!3d30.201389!4d-97.8335021!16s%2Fg%2F11nn47rw55!19sChIJI3V6H8LNRIYR4ktaBitpIM0?authuser=0&hl=en&rclk=1",Financial Planners in Austin Texas,5.0,7,+1 512-595-3028,"3305 Dalton St Unit 1, Austin, TX 78745, United States",park64capital.com
First Command Financial Advisor - Brian Pablo,https://www.google.com/maps/place/First+Command+Financial+Advisor+-+Brian+Pablo/data=!4m7!3m6!1s0x8644cbd3ff15bdb1:0xd7046124b1714e79!8m2!3d30.3610996!4d-97.7471771!16s%2Fg%2F11rbfp547g!19sChIJsb0V_9PLRIYReU5xsSRhBNc?authuser=0&hl=en&rclk=1,Financial Planners in Austin Texas,5.0,83,+1 512-346-0900,"7719 Wood Hollow Dr # 260, Austin, TX 78731, United States",advisor.firstcommand.com
"Michael Mickey Johnson - Private Wealth Advisor, Ameriprise Financial Services, LLC","https://www.google.com/maps/place/Michael+Mickey+Johnson+-+Private+Wealth+Advisor,+Ameriprise+Financial+Services,+LLC/data=!4m7!3m6!1s0x8644b5062945a483:0xb095072bcd9b7d1d!8m2!3d30.2639746!4d-97.7440671!16s%2Fg%2F1wnf1flv!19sChIJg6RFKQa1RIYRHX2bzSsHlbA?authuser=0&hl=en&rclk=1",Financial Planners in Austin Texas,5.0,1,+1 512-391-6990,"111 Congress Ave. STE 500, Austin, TX 78701, United States",ameripriseadvisors.com
"Edward Jones - Financial Advisor: Jon C Albright, CFP®|CEPA®","https://www.google.com/maps/place/Edward+Jones+-+Financial+Advisor:+Jon+C+Albright,+CFP%C2%AE%7CCEPA%C2%AE/data=!4m7!3m6!1s0x8644d18e0a8a5467:0x4f680436a03b4f39!8m2!3d30.2610765!4d-97.7900244!16s%2Fg%2F11bztd8lfn!19sChIJZ1SKCo7RRIYROU87oDYEaE8?authuser=0&hl=en&rclk=1",Financial Planners in Austin Texas,4.7,3,+1 512-312-2840,"1501 S MoPac Expy #310, Austin, TX 78746, United States",edwardjones.com
"Neil Walters - Private Wealth Advisor, Ameriprise Financial Services, LLC","https://www.google.com/maps/place/Neil+Walters+-+Private+Wealth+Advisor,+Ameriprise+Financial+Services,+LLC/data=!4m7!3m6!1s0x87d2a0a3dcea2c57:0x638959ed9d6c4673!8m2!3d30.3862284!4d-97.7686868!16s%2Fg%2F1pv0wbsw1!19sChIJVyzq3KOg0ocRc0Zsne1ZiWM?authuser=0&hl=en&rclk=1",Financial Planners in Austin Texas,5.0,1,+1 512-744-4183,"8310-1 N Capital of Texas Hwy Ste 360, Austin, TX 78731, United States",ameripriseadvisors.com
"Montandon & Associates - Ameriprise Financial Services, LLC","https://www.google.com/maps/place/Montandon+%26+Associates+-+Ameriprise+Financial+Services,+LLC/data=!4m7!3m6!1s0x8644cc8583bfffff:0x3400b6552dbaf38b!8m2!3d30.4010775!4d-97.7496402!16s%2Fg%2F11ggw0ljsp!19sChIJ__-_g4XMRIYRi_O6LVW2ADQ?authuser=0&hl=en&rclk=1",Financial Planners in Austin Texas,5.0,1,+1 512-744-4800,"10415 Morado Cir Ste 2-100, Austin, TX 78759, United States",ameripriseadvisors.com
"Nora Castro - Private Wealth Advisor, Ameriprise Financial Services, LLC","https://www.google.com/maps/place/Nora+Castro+-+Private+Wealth+Advisor,+Ameriprise+Financial+Services,+LLC/data=!4m7!3m6!1s0x8644cb91dfcb727d:0xc32230cb8724c146!8m2!3d30.3898234!4d-97.7444201!16s%2Fg%2F11h0bpvm8c!19sChIJfXLL35HLRIYRRsEkh8swIsM?authuser=0&hl=en&rclk=1",Financial Planners in Austin Texas,5.0,1,+1 512-691-5999,"Arboretum Plaza One, 9442 N Capital of Texas Hwy Ste 800, Austin, TX 78759, United States",ameripriseadvisors.com
"Bearing Financial Advisors, LLC","https://www.google.com/maps/place/Bearing+Financial+Advisors,+LLC/data=!4m7!3m6!1s0x8644cb05eb408a2d:0x210ac1de99653d5d!8m2!3d30.3768823!4d-97.764548!16s%2Fg%2F1th87j2w!19sChIJLYpA6wXLRIYRXT1lmd7BCiE?authuser=0&hl=en&rclk=1",Financial Planners in Austin Texas,5.0,2,+1 512-241-1035,"9390 Research Blvd., Kaleido Bld 1, Ste 330, Austin, TX 78759, United States",bearingfinancial.com
"Edward Jones - Financial Advisor: Tim Bicknase, CFP®|ChFC®|CEPA®","https://www.google.com/maps/place/Edward+Jones+-+Financial+Advisor:+Tim+Bicknase,+CFP%C2%AE%7CChFC%C2%AE%7CCEPA%C2%AE/data=!4m7!3m6!1s0x8644cc8212974a8b:0x34b160ddf7de4c5a!8m2!3d30.3526222!4d-97.7501476!16s%2Fg%2F11b6lkrv1z!19sChIJi0qXEoLMRIYRWkze991gsTQ?authuser=0&hl=en&rclk=1",Financial Planners in Austin Texas,5.0,3,+1 512-394-7011,"3410 Far W Blvd Suite 204, Austin, TX 78731, United States",edwardjones.com
Northwestern Mutual - The Texas Financial Group - Austin,https://www.google.com/maps/place/Northwestern+Mutual+-+The+Texas+Financial+Group+-+Austin/data=!4m7!3m6!1s0x865b4acb13bc83a1:0x74dbd4d5ec219b7e!8m2!3d30.2692272!4d-97.7868492!16s%2Fg%2F1vyxjv5w!19sChIJoYO8E8tKW4YRfpsh7NXU23Q?authuser=0&hl=en&rclk=1,Financial Planners in Austin Texas,5.0,4,+1 512-330-1800,"3700 N Capital of Texas Hwy Suite 500, Austin, TX 78746, United States",austin.nm.com
Avidian Wealth Solutions - Austin,https://www.google.com/maps/place/Avidian+Wealth+Solutions+-+Austin/data=!4m7!3m6!1s0x8644b5747f65d6f5:0x3140bcb626ee6e9a!8m2!3d30.3719032!4d-97.7560473!16s%2Fg%2F1tdq_2zk!19sChIJ9dZlf3S1RIYRmm7uJra8QDE?authuser=0&hl=en&rclk=1,Financial Planners in Austin Texas,5.0,2,+1 512-469-9152,"4210 Spicewood Springs Rd Building E, Austin, TX 78759, United States",avidianwealth.com
Brighton Jones,https://www.google.com/maps/place/Brighton+Jones/data=!4m7!3m6!1s0x8644b58b1426df9f:0x5119e046d4a7638c!8m2!3d30.265279!4d-97.7428502!16s%2Fg%2F11qp34lm64!19sChIJn98mFIu1RIYRjGOn1EbgGVE?authuser=0&hl=en&rclk=1,Financial Planners in Austin Texas,5.0,3,+1 737-241-1255,"301 Congress Ave. Floor 12, Austin, TX 78701, United States",brightonjones.com
Century Management Financial Advisors,https://www.google.com/maps/place/Century+Management+Financial+Advisors/data=!4m7!3m6!1s0x865b4a7e3fd8930f:0x957b850da113cdbf!8m2!3d30.2901256!4d-97.8295371!16s%2Fg%2F1tgq71vw!19sChIJD5PYP35KW4YRv80ToQ2Fe5U?authuser=0&hl=en&rclk=1,Financial Planners in Austin Texas,4.1,14,+1 512-636-2026,"805 Las Cimas Pkwy Suite 305, Austin, TX 78746, United States",centman.com
"Edward Jones - Financial Advisor: Jonathan M Bryan, CEPA®","https://www.google.com/maps/place/Edward+Jones+-+Financial+Advisor:+Jonathan+M+Bryan,+CEPA%C2%AE/data=!4m7!3m6!1s0x865b4b0c8f3ff147:0xc2ec155388b8041d!8m2!3d30.2610715!4d-97.790003!16s%2Fg%2F11b6v71h6c!19sChIJR_E_jwxLW4YRHQS4iFMV7MI?authuser=0&hl=en&rclk=1",Financial Planners in Austin Texas,5.0,3,+1 512-494-4738,"1501 S MoPac Expy #310, Austin, TX 78746, United States",edwardjones.com
Integrated Wealth Strategies,https://www.google.com/maps/place/Integrated+Wealth+Strategies/data=!4m7!3m6!1s0x8644b576bd55d7b1:0xd01d196f3710b058!8m2!3d30.3902153!4d-97.7485511!16s%2Fg%2F1wg5yd5f!19sChIJsddVvXa1RIYRWLAQN28ZHdA?authuser=0&hl=en&rclk=1,Financial Planners in Austin Texas,5.0,2,+1 512-291-6391,"9442 N. Capital of Texas Hwy Arboretum Plaza I, #150, Austin, TX 78759, United States",integratedwealthstrategies.com
Pioneer Wealth Management Group,https://www.google.com/maps/place/Pioneer+Wealth+Management+Group/data=!4m7!3m6!1s0x8644b5a76b09dd7f:0x16a946726c816087!8m2!3d30.2694958!4d-97.7511171!16s%2Fg%2F1vk6zm98!19sChIJf90Ja6e1RIYRh2CBbHJGqRY?authuser=0&hl=en&rclk=1,Financial Planners in Austin Texas,5.0,3,+1 512-334-6800,"800 W 5th St #100b, Austin, TX 78703, United States",pioneerwealth.com
"Christopher Rapp - Financial Advisor, Ameriprise Financial Services, LLC","https://www.google.com/maps/place/Christopher+Rapp+-+Financial+Advisor,+Ameriprise+Financial+Services,+LLC/data=!4m7!3m6!1s0x865b2c49a7a5d19b:0x4450c0e8b764774e!8m2!3d30.3858426!4d-97.7683716!16s%2Fg%2F1tfc6_n8!19sChIJm9Glp0ksW4YRTndkt-jAUEQ?authuser=0&hl=en&rclk=1",Financial Planners in Austin Texas,5.0,1,+1 512-201-4020,"8310-1 N Capital of Texas Hwy #360, Austin, TX 78731, United States",ameripriseadvisors.com
Austin Wealth Specialists,https://www.google.com/maps/place/Austin+Wealth+Specialists/data=!4m7!3m6!1s0x8644ca1c2ea0c119:0x1c998b14e165eef8!8m2!3d30.4262542!4d-97.7588!16s%2Fg%2F1w4f8hj6!19sChIJGcGgLhzKRIYR-O5l4RSLmRw?authuser=0&hl=en&rclk=1,Financial Planners in Austin Texas,5.0,2,+1 512-963-6883,"11824 Jollyville Rd STE 500, Austin, TX 78759, United States",austinwealthspecialists.com
"Edward Jones - Financial Advisor: Mitchell Rentschler, CFP®","https://www.google.com/maps/place/Edward+Jones+-+Financial+Advisor:+Mitchell+Rentschler,+CFP%C2%AE/data=!4m7!3m6!1s0x87dcf9a4ed1ee6cd:0xceef6655a7ce7c85!8m2!3d30.2015157!4d-97.8693959!16s%2Fg%2F11c3tjmqc9!19sChIJzeYe7aT53IcRhXzOp1Vm784?authuser=0&hl=en&rclk=1",Financial Planners in Austin Texas,5.0,3,+1 512-301-2097,"5700 W Slaughter Ln Suite 320, Austin, TX 78749, United States",edwardjones.com
Fort Wealth Management,https://www.google.com/maps/place/Fort+Wealth+Management/data=!4m7!3m6!1s0x8644cd20b8cd9451:0x69918fbb24a730be!8m2!3d30.4365489!4d-97.7680439!16s%2Fg%2F1tghdjg1!19sChIJUZTNuCDNRIYRvjCnJLuPkWk?authuser=0&hl=en&rclk=1,Financial Planners in Austin Texas,5.0,4,+1 512-433-6492,"7701 San Felipe Blvd, Austin, TX 78729, United States",fortwm.com
Beck Capital Management LLC,https://www.google.com/maps/place/Beck+Capital+Management+LLC/data=!4m7!3m6!1s0x865b4aed8ec7ed73:0x882076e28b6675d2!8m2!3d30.2675585!4d-97.8174526!16s%2Fg%2F1thsrt53!19sChIJc-3Hju1KW4YR0nVmi-J2IIg?authuser=0&hl=en&rclk=1,Financial Planners in Austin Texas,4.6,9,+1 512-345-6789,"2009 S Capital of Texas Hwy 2nd floor, Austin, TX 78746, United States",beckcapitalmanagement.com
WorthPointe Financial Planners,https://www.google.com/maps/place/WorthPointe+Financial+Planners/data=!4m7!3m6!1s0x865b3585e980acb3:0x40c3961bb2f9ce9b!8m2!3d30.300357!4d-97.837773!16s%2Fg%2F11b5pm7k53!19sChIJs6yA6YU1W4YRm875shuWw0A?authuser=0&hl=en&rclk=1,Financial Planners in Austin Texas,0.0,0,+1 800-620-4232,"6836 Bee Caves Rd #210, Austin, TX 78746, United States",worthpointeinvest.com
Grace Lane Financial Partners,https://www.google.com/maps/place/Grace+Lane+Financial+Partners/data=!4m7!3m6!1s0x865b35919146fc65:0x1c0b33ebe4fdc113!8m2!3d30.3141303!4d-97.8561468!16s%2Fg%2F11q8tnqb77!19sChIJZfxGkZE1W4YRE8H95OszCxw?authuser=0&hl=en&rclk=1,Financial Planners in Austin Texas,5.0,1,+1 512-637-6225,"317 Grace Ln Ste. 250, Austin, TX 78746, United States",gracelanepartners.com
"Edward Jones - Financial Advisor: Staci R George, CFP®|CEPA®","https://www.google.com/maps/place/Edward+Jones+-+Financial+Advisor:+Staci+R+George,+CFP%C2%AE%7CCEPA%C2%AE/data=!4m7!3m6!1s0x865b4da657cd0623:0x8c38aa5ba329ac40!8m2!3d30.1416073!4d-97.8318759!16s%2Fg%2F11bwhb1w9c!19sChIJIwbNV6ZNW4YRQKwpo1uqOIw?authuser=0&hl=en&rclk=1",Financial Planners in Austin Texas,0.0,0,+1 512-280-1379,"1009 Meredith Dr, Austin, TX 78748, United States",edwardjones.com
Dennis Hobbs - RBC Wealth Management Financial Advisor,https://www.google.com/maps/place/Dennis+Hobbs+-+RBC+Wealth+Management+Financial+Advisor/data=!4m7!3m6!1s0x8644b555ec89c997:0xb53c865a9d49120d!8m2!3d30.2691214!4d-97.7457944!16s%2Fg%2F11j7k516dw!19sChIJl8mJ7FW1RIYRDRJJnVqGPLU?authuser=0&hl=en&rclk=1,Financial Planners in Austin Texas,5.0,1,+1 512-708-6338,"300 W 6th St Suite 2200, Austin, TX 78701, United States",us.rbcwealthmanagement.com
Black Barn Financial,https://www.google.com/maps/place/Black+Barn+Financial/data=!4m7!3m6!1s0x8644caf5099440c9:0x1e29b62877bcf37d!8m2!3d30.3244602!4d-97.7434644!16s%2Fg%2F11b7hf_jwm!19sChIJyUCUCfXKRIYRffO8dyi2KR4?authuser=0&hl=en&rclk=1,Financial Planners in Austin Texas,0.0,0,+1 512-368-9179,"2305 Hancock Dr, Austin, TX 78756, United States",blackbarnfinancial.com
"Michael Fields - Financial Advisor, Ameriprise Financial Services, LLC","https://www.google.com/maps/place/Michael+Fields+-+Financial+Advisor,+Ameriprise+Financial+Services,+LLC/data=!4m7!3m6!1s0x8644cb42aec71d2d:0xee53a6d46a57fbff!8m2!3d30.3762722!4d-97.7640805!16s%2Fg%2F11cmj37p67!19sChIJLR3HrkLLRIYR__tXatSmU-4?authuser=0&hl=en&rclk=1",Financial Planners in Austin Texas,0.0,0,+1 512-527-2802,"4810 Spicewood Springs Rd Ste 200, Austin, TX 78759, United States",ameripriseadvisors.com
"Trent LaMonica - Financial Advisor, Ameriprise Financial Services, LLC","https://www.google.com/maps/place/Trent+LaMonica+-+Financial+Advisor,+Ameriprise+Financial+Services,+LLC/data=!4m7!3m6!1s0x8644cbe3101160af:0xe2f9a5adc6ed1e5!8m2!3d30.3862284!4d-97.7686868!16s%2Fg%2F11jg14cfsr!19sChIJr2AREOPLRIYR5dFu3FqaLw4?authuser=0&hl=en&rclk=1",Financial Planners in Austin Texas,0.0,0,+1 512-744-4186,"8310-1 N Capital of Texas Hwy Ste 360, Austin, TX 78731, United States",ameripriseadvisors.com
Venturi Private Wealth,https://www.google.com/maps/place/Venturi+Private+Wealth/data=!4m7!3m6!1s0x865b3518b4c00ed5:0xa273599e9b2fdbde!8m2!3d30.3350064!4d-97.8086713!16s%2Fg%2F11c3ss60vd!19sChIJ1Q7AtBg1W4YR3tsvm55Zc6I?authuser=0&hl=en&rclk=1,Financial Planners in Austin Texas,4.1,9,+1 512-220-2035,"3600B N Capital of Texas Hwy STE 200, Austin, TX 78746, United States",venturiprivatewealth.com
"ATX Portfolio Advisors, LLC","https://www.google.com/maps/place/ATX+Portfolio+Advisors,+LLC/data=!4m7!3m6!1s0x8644b508398a6c43:0xe415af48ddb4b07d!8m2!3d30.3083736!4d-97.828975!16s%2Fg%2F11ckr7g135!19sChIJQ2yKOQi1RIYRfbC03UivFeQ?authuser=0&hl=en&rclk=1",Financial Planners in Austin Texas,0.0,0,+1 512-537-5955,"500 N Capital of Texas Hwy BLDG 8-100, Austin, TX 78746, United States",atxadvisors.com
Absolute Financial Planning,https://www.google.com/maps/place/Absolute+Financial+Planning/data=!4m7!3m6!1s0x865b4bbeb0ffd071:0x4d31e437855e8ac6!8m2!3d30.2706518!4d-97.7969037!16s%2Fg%2F11vbxnm8v7!19sChIJcdD_sL5LW4YRxopehTfkMU0?authuser=0&hl=en&rclk=1,Financial Planners in Austin Texas,5.0,1,+1 512-327-2276,"1015 Beecave Woods Dr #201, Austin, TX 78746, United States",absofp.com
"Audra Mueller - Financial Advisor, Ameriprise Financial Services, LLC","https://www.google.com/maps/place/Audra+Mueller+-+Financial+Advisor,+Ameriprise+Financial+Services,+LLC/data=!4m7!3m6!1s0x8644cb34e4624d59:0x4225eb8aa69ee5ea!8m2!3d30.3898259!4d-97.7488235!16s%2Fg%2F11sstr372t!19sChIJWU1i5DTLRIYR6uWeporrJUI?authuser=0&hl=en&rclk=1",Financial Planners in Austin Texas,0.0,0,+1 512-314-5301,"Arboretum Plaza One, 9442 N Capital of Texas Hwy Ste 800, Austin, TX 78759, United States",ameripriseadvisors.com
Edward Jones - Financial Advisor: Jason P Dickerson,https://www.google.com/maps/place/Edward+Jones+-+Financial+Advisor:+Jason+P+Dickerson/data=!4m7!3m6!1s0x8644cd0129c1e80b:0x51820826c82df93f!8m2!3d30.4428668!4d-97.7859682!16s%2Fg%2F1tdm43ck!19sChIJC-jBKQHNRIYRP_ktyCYIglE?authuser=0&hl=en&rclk=1,Financial Planners in Austin Texas,5.0,2,+1 512-219-1191,"13276 Research Blvd Suite 110, Austin, TX 78750, United States",edwardjones.com
"Edward Jones - Financial Advisor: Ana S Moradel, AAMS™","https://www.google.com/maps/place/Edward+Jones+-+Financial+Advisor:+Ana+S+Moradel,+AAMS%E2%84%A2/data=!4m7!3m6!1s0x8644cba2ec9a22dd:0x4e3d78ee46f377a6!8m2!3d30.2056072!4d-97.8105926!16s%2Fg%2F11qssb9676!19sChIJ3SKa7KLLRIYRpnfzRu54PU4?authuser=0&hl=en&rclk=1",Financial Planners in Austin Texas,4.3,4,+1 737-220-1050,"2500 W William Cannon Dr Bldg 6 Suite 607, Austin, TX 78745, United States",edwardjones.com
Carl Stuart Investment Advisor,https://www.google.com/maps/place/Carl+Stuart+Investment+Advisor/data=!4m7!3m6!1s0x8644b5062945a483:0x598504c93f0f87ab!8m2!3d30.3030479!4d-97.7390626!16s%2Fg%2F1tfb2czx!19sChIJg6RFKQa1RIYRq4cPP8kEhVk?authuser=0&hl=en&rclk=1,Financial Planners in Austin Texas,3.7,3,+1 512-478-2275,"623 W 38th St, Austin, TX 78705, United States",-
Kestra Financial,https://www.google.com/maps/place/Kestra+Financial/data=!4m7!3m6!1s0x865b4bb489f5d59d:0x8f5c2eb5d3a9b4d0!8m2!3d30.2435416!4d-97.8449028!16s%2Fg%2F11g739sm6v!19sChIJndX1ibRLW4YR0LSp07UuXI8?authuser=0&hl=en&rclk=1,Financial Planners in Austin Texas,3.3,19,+1 844-553-7872,"5707 Southwest Pkwy Bldg. 2 Ste. 400, Austin, TX 78735, United States",kestrafinancial.com
Merrill Lynch Wealth Management,https://www.google.com/maps/place/Merrill+Lynch+Wealth+Management/data=!4m7!3m6!1s0x8644b507daae3405:0x4a64b8cd6493bac0!8m2!3d30.2667619!4d-97.7500735!16s%2Fg%2F1tqnm095!19sChIJBTSu2ge1RIYRwLqTZM24ZEo?authuser=0&hl=en&rclk=1,Financial Planners in Austin Texas,4.0,4,+1 512-397-1870,"607 W 3rd St, Austin, TX 78701, United States",advisor.ml.com
Rethink Wealth,https://www.google.com/maps/place/Rethink+Wealth/data=!4m7!3m6!1s0x8644b5850ec2ab13:0x9e94e93dbc7b6a97!8m2!3d30.3744211!4d-97.7252967!16s%2Fg%2F11hfp9zrvy!19sChIJE6vCDoW1RIYRl2p7vD3plJ4?authuser=0&hl=en&rclk=1,Financial Planners in Austin Texas,5.0,6,+1 512-886-2511,"9101 Burnet Rd #107, Austin, TX 78758, United States",rethinkwealth.com
Smith Wealth Advisors,https://www.google.com/maps/place/Smith+Wealth+Advisors/data=!4m7!3m6!1s0x865b4ac97570cf05:0x824d4c68f69723ea!8m2!3d30.243447!4d-97.8320998!16s%2Fg%2F11c5b1cqg0!19sChIJBc9wdclKW4YR6iOX9mhMTYI?authuser=0&hl=en&rclk=1,Financial Planners in Austin Texas,5.0,1,+1 512-330-9161,"4713 Eagle Feather Dr, Austin, TX 78735, United States",smithwealthadvisors.com
Weinheimer Wealth Management,https://www.google.com/maps/place/Weinheimer+Wealth+Management/data=!4m7!3m6!1s0x865b4af2b2c32e8f:0xd02a43124b83871c!8m2!3d30.2712974!4d-97.8185658!16s%2Fg%2F1tdzrklb!19sChIJjy7DsvJKW4YRHIeDSxJDKtA?authuser=0&hl=en&rclk=1,Financial Planners in Austin Texas,5.0,1,+1 512-372-8118,"4101 Parkstone Heights Dr #210, Austin, TX 78746, United States",weinheimerwealth.com
RBC Wealth Management Branch - Austin,https://www.google.com/maps/place/RBC+Wealth+Management+Branch+-+Austin/data=!4m7!3m6!1s0x8644b508137ba5df:0xce6b0d96597be322!8m2!3d30.2691214!4d-97.7457944!16s%2Fg%2F1td48c67!19sChIJ36V7Ewi1RIYRIuN7WZYNa84?authuser=0&hl=en&rclk=1,Financial Planners in Austin Texas,5.0,5,+1 512-478-4125,"300 W 6th St Suite 2200, Austin, TX 78701, United States",us.rbcwealthmanagement.com
Quartz Financial,https://www.google.com/maps/place/Quartz+Financial/data=!4m7!3m6!1s0x865b4a9a1cb4e205:0xbce6a44b20021c75!8m2!3d30.2832931!4d-97.8116852!16s%2Fg%2F1trcgvjg!19sChIJBeK0HJpKW4YRdRwCIEuk5rw?authuser=0&hl=en&rclk=1,Financial Planners in Austin Texas,5.0,2,+1 512-243-5977,"4201 Bee Caves Rd C-108, Austin, TX 78746, United States",quartzfinancial.com
Charles Schwab,https://www.google.com/maps/place/Charles+Schwab/data=!4m7!3m6!1s0x8644b5062945a483:0x653f7bc6e98afd3!8m2!3d30.2672199!4d-97.7427138!16s%2Fg%2F1tfntdbt!19sChIJg6RFKQa1RIYR06-Ybrz3UwY?authuser=0&hl=en&rclk=1,Financial Planners in Austin Texas,3.8,17,+1 512-370-3880,"501 Congress Ave. Ste 125, Austin, TX 78701, United States",client.schwab.com
My Financial Sovereignty,https://www.google.com/maps/place/My+Financial+Sovereignty/data=!4m7!3m6!1s0xae3beba442c0a0e5:0x354daeba80a5a4de!8m2!3d30.3077609!4d-97.7557424!16s%2Fg%2F11w25ntsm0!19sChIJ5aDAQqTrO64R3qSlgLquTTU?authuser=0&hl=en&rclk=1,Financial Planners in Austin Texas,5.0,2,+1 512-905-3764,-,myfinancialsovereignty.com
"Edward Jones - Financial Advisor: Tom McQuinn, CFP®|ChFC®|CEPA®","https://www.google.com/maps/place/Edward+Jones+-+Financial+Advisor:+Tom+McQuinn,+CFP%C2%AE%7CChFC%C2%AE%7CCEPA%C2%AE/data=!4m7!3m6!1s0x8644ca578bb3104f:0xd129962766c25939!8m2!3d30.3322628!4d-97.734004!16s%2Fg%2F1thd71q3!19sChIJTxCzi1fKRIYROVnCZieWKdE?authuser=0&hl=en&rclk=1",Financial Planners in Austin Texas,0.0,0,+1 512-374-1639,"1516 W Koenig Ln, Austin, TX 78756, United States",edwardjones.com
"Todd Holubec - Financial Advisor, Ameriprise Financial Services, LLC","https://www.google.com/maps/place/Todd+Holubec+-+Financial+Advisor,+Ameriprise+Financial+Services,+LLC/data=!4m7!3m6!1s0x8640e6943a023f1f:0xd64cae54be50fe8a!8m2!3d30.390345!4d-97.7487946!16s%2Fg%2F1tjfbnj2!19sChIJHz8COpTmQIYRiv5QvlSuTNY?authuser=0&hl=en&rclk=1",Financial Planners in Austin Texas,0.0,0,+1 512-691-5942,"Arboretum Plaza One, 9442 N Capital of Texas Hwy Ste 800, Austin, TX 78759, United States",ameripriseadvisors.com
Edelman Financial Engines,https://www.google.com/maps/place/Edelman+Financial+Engines/data=!4m7!3m6!1s0x8644b566c86f3715:0xd7a058eccdda16b6!8m2!3d30.2721831!4d-97.756345!16s%2Fg%2F11pdw8hqyx!19sChIJFTdvyGa1RIYRthbazexYoNc?authuser=0&hl=en&rclk=1,Financial Planners in Austin Texas,0.0,0,+1 833-752-6333,"1111 W 6th St Building B, Suite 310, Austin, TX 78703, United States",edelmanfinancialengines.com
"Edward Jones - Financial Advisor: Edith W Karnes, CFP®","https://www.google.com/maps/place/Edward+Jones+-+Financial+Advisor:+Edith+W+Karnes,+CFP%C2%AE/data=!4m7!3m6!1s0x865b4a962c58811d:0x97d45995dd72a35f!8m2!3d30.2784497!4d-97.805322!16s%2Fg%2F1tnpfvxl!19sChIJHYFYLJZKW4YRX6Ny3ZVZ1Jc?authuser=0&hl=en&rclk=1",Financial Planners in Austin Texas,1.0,1,+1 512-327-9911,"3600 Bee Caves Rd Suite 101, Austin, TX 78746, United States",edwardjones.com
"Laura Parker - Financial Advisor, Ameriprise Financial Services, LLC","https://www.google.com/maps/place/Laura+Parker+-+Financial+Advisor,+Ameriprise+Financial+Services,+LLC/data=!4m7!3m6!1s0x8644ccf18bb59263:0xf8a60baecc72da59!8m2!3d30.4188261!4d-97.7509252!16s%2Fg%2F11c6lj4jgb!19sChIJY5K1i_HMRIYRWdpyzK4Lpvg?authuser=0&hl=en&rclk=1",Financial Planners in Austin Texas,0.0,0,+1 512-231-0725,"11675 Jollyville Rd STE 200, Austin, TX 78759, United States",ameripriseadvisors.com
"Mark A Goodin - Financial Advisor, Ameriprise Financial Services, LLC","https://www.google.com/maps/place/Mark+A+Goodin+-+Financial+Advisor,+Ameriprise+Financial+Services,+LLC/data=!4m7!3m6!1s0x880e61c26153e563:0x5bf1f44119289c99!8m2!3d30.3773605!4d-97.7638214!16s%2Fg%2F1ptw28kfk!19sChIJY-VTYcJhDogRmZwoGUH08Vs?authuser=0&hl=en&rclk=1",Financial Planners in Austin Texas,0.0,0,+1 512-527-8400,"4810 Spicewood Springs Rd Ste 200, Austin, TX 78759, United States",ameripriseadvisors.com
"Rey Garza - Financial Advisor, Ameriprise Financial Services, LLC","https://www.google.com/maps/place/Rey+Garza+-+Financial+Advisor,+Ameriprise+Financial+Services,+LLC/data=!4m7!3m6!1s0x8644cb7d89f88547:0x13d9a255ce87b33d!8m2!3d30.3903681!4d-97.7488254!16s%2Fg%2F11cmj38ffj!19sChIJR4X4iX3LRIYRPbOHzlWi2RM?authuser=0&hl=en&rclk=1",Financial Planners in Austin Texas,0.0,0,+1 512-710-1091,"Arboretum Plaza One, 9442 N Capital of Texas Hwy Ste 800, Austin, TX 78759, United States",ameripriseadvisors.com
Haven Financial Advisors,https://www.google.com/maps/place/Haven+Financial+Advisors/data=!4m7!3m6!1s0x8644b51a0ebfc395:0x3e8eaad5490409e4!8m2!3d30.2631288!4d-97.7570281!16s%2Fg%2F11g8v5m1pq!19sChIJlcO_Dhq1RIYR5AkESdWqjj4?authuser=0&hl=en&rclk=1,Financial Planners in Austin Texas,4.0,1,+1 512-791-4335,"210 Lee Barton Dr, Austin, TX 78704, United States",havenfinancial.com
"Dana Bives - Financial Advisor, Ameriprise Financial Services, LLC","https://www.google.com/maps/place/Dana+Bives+-+Financial+Advisor,+Ameriprise+Financial+Services,+LLC/data=!4m7!3m6!1s0x8644cb7d89f88547:0xb6a3e7da49a6fb07!8m2!3d30.3903565!4d-97.7488264!16s%2Fg%2F11cmt29b1h!19sChIJR4X4iX3LRIYRB_umSdrno7Y?authuser=0&hl=en&rclk=1",Financial Planners in Austin Texas,0.0,0,+1 512-691-5956,"Arboretum Plaza One, 9442 N Capital of Texas Hwy Ste 800, Austin, TX 78759, United States",ameripriseadvisors.com
"Mark Hogue - Financial Advisor, Ameriprise Financial Services, LLC","https://www.google.com/maps/place/Mark+Hogue+-+Financial+Advisor,+Ameriprise+Financial+Services,+LLC/data=!4m7!3m6!1s0x8644cb810b361d19:0x84d390dfb7802d!8m2!3d30.3898259!4d-97.7488235!16s%2Fg%2F11lc_z9mtx!19sChIJGR02C4HLRIYRLYC335DThAA?authuser=0&hl=en&rclk=1",Financial Planners in Austin Texas,0.0,0,+1 512-691-7033,"Arboretum Plaza One, 9442 N Capital of Texas Hwy Ste 800, Austin, TX 78759, United States",ameripriseadvisors.com
Fidelity Investments,https://www.google.com/maps/place/Fidelity+Investments/data=!4m7!3m6!1s0x8644b51220eee52d:0x7ee3f1e802948f75!8m2!3d30.2693879!4d-97.7546411!16s%2Fg%2F1pty1c87r!19sChIJLeXuIBK1RIYRdY-UAujx434?authuser=0&hl=en&rclk=1,Financial Planners in Austin Texas,4.0,17,+1 800-237-8827,"405 N Lamar Blvd, Austin, TX 78703, United States",fidelity.com
Capitol Wealth Strategies,https://www.google.com/maps/place/Capitol+Wealth+Strategies/data=!4m7!3m6!1s0x865b4acdec0a9b9d:0xd5ff6e8887ebb132!8m2!3d30.2648341!4d-97.7799723!16s%2Fg%2F1hc14db_z!19sChIJnZsK7M1KW4YRMrHrh4hu_9U?authuser=0&hl=en&rclk=1,Financial Planners in Austin Texas,5.0,3,+1 512-651-2009,"901 S MoPac Expy # 4-150, Austin, TX 78746, United States",capitolwealthstrategies.com
Oakwell Private Wealth Management,https://www.google.com/maps/place/Oakwell+Private+Wealth+Management/data=!4m7!3m6!1s0x8644cb0eace174a5:0x50bef81a9f208ab9!8m2!3d30.366237!4d-97.7375656!16s%2Fg%2F11c3yw123v!19sChIJpXThrA7LRIYRuYognxr4vlA?authuser=0&hl=en&rclk=1,Financial Planners in Austin Texas,0.0,0,+1 800-556-2593,"3200 Steck Ave STE 200, Austin, TX 78757, United States",oakwellpwm.com
Capital Strategies,https://www.google.com/maps/place/Capital+Strategies/data=!4m7!3m6!1s0x86fe73af82df846f:0x983e883209417fda!8m2!3d30.3141303!4d-97.8561468!16s%2Fg%2F1tj7fhvl!19sChIJb4Tfgq9z_oYR2n9BCTKIPpg?authuser=0&hl=en&rclk=1,Financial Planners in Austin Texas,5.0,2,+1 512-346-6020,"317 Grace Ln #250, Austin, TX 78746, United States",southwest.massmutual.com
"Terry Lee - Financial Advisor, Ameriprise Financial Services, LLC","https://www.google.com/maps/place/Terry+Lee+-+Financial+Advisor,+Ameriprise+Financial+Services,+LLC/data=!4m7!3m6!1s0x8644cd45afda131b:0xde9ef654b26ce89b!8m2!3d30.401728!4d-97.74962!16s%2Fg%2F11vpptqhqx!19sChIJGxPar0XNRIYRm-hsslT2nt4?authuser=0&hl=en&rclk=1",Financial Planners in Austin Texas,0.0,0,+1 512-744-4801,"10415 Morado Cir Ste 2-100, Austin, TX 78759, United States",ameripriseadvisors.com
Lake Hills Wealth Management,https://www.google.com/maps/place/Lake+Hills+Wealth+Management/data=!4m7!3m6!1s0x865b338ce650a4e7:0xcce912690936055c!8m2!3d30.3814526!4d-97.8163889!16s%2Fg%2F11c6s7_qrp!19sChIJ56RQ5owzW4YRXAU2CWkS6cw?authuser=0&hl=en&rclk=1,Financial Planners in Austin Texas,0.0,0,+1 512-580-4740,"8601 Ranch Rd 2222 Building 1, Suite 230, Austin, TX 78730, United States",lakehillswm.com
"Jennifer Elliott - Private Wealth Advisor, Ameriprise Financial Services, LLC","https://www.google.com/maps/place/Jennifer+Elliott+-+Private+Wealth+Advisor,+Ameriprise+Financial+Services,+LLC/data=!4m7!3m6!1s0x8644cb5eb143c8e9:0xd03dc6caba4fee82!8m2!3d30.3874066!4d-97.7687341!16s%2Fg%2F1w04khhp!19sChIJ6chDsV7LRIYRgu5PusrGPdA?authuser=0&hl=en&rclk=1",Financial Planners in Austin Texas,0.0,0,+1 512-744-4185,"8310-1 N Capital of Texas Hwy Ste 360, Austin, TX 78731, United States",ameripriseadvisors.com
"Edward Jones - Financial Advisor: Stacy M Bouwman, ChFC®|AAMS™","https://www.google.com/maps/place/Edward+Jones+-+Financial+Advisor:+Stacy+M+Bouwman,+ChFC%C2%AE%7CAAMS%E2%84%A2/data=!4m7!3m6!1s0x8644cb7e1d0a1c87:0x99a52d1096715673!8m2!3d30.4016775!4d-97.7413833!16s%2Fg%2F1tj5lk18!19sChIJhxwKHX7LRIYRc1ZxlhAtpZk?authuser=0&hl=en&rclk=1",Financial Planners in Austin Texas,0.0,0,+1 512-346-1496,"4516 Seton Center Pkwy #115, Austin, TX 78759, United States",edwardjones.com
Trajan Wealth,https://www.google.com/maps/place/Trajan+Wealth/data=!4m7!3m6!1s0x865b337ce8c5c795:0xe0c5ce0a47bca00!8m2!3d30.4643021!4d-97.794252!16s%2Fg%2F11sgycmd_5!19sChIJlcfF6HwzW4YRAMp7pOBcDA4?authuser=0&hl=en&rclk=1,Financial Planners in Austin Texas,5.0,3,+1 512-720-7885,"13809 Research Blvd Suite 500, Austin, TX 78750, United States",trajanwealth.com
Sagepoint Financial Inc. - David Rodriguez,https://www.google.com/maps/place/Sagepoint+Financial+Inc.+-+David+Rodriguez/data=!4m7!3m6!1s0x8644ca3c860dd771:0x5ef5eee8d1114432!8m2!3d30.3291182!4d-97.7114534!16s%2Fg%2F1tf75xjl!19sChIJcdcNhjzKRIYRMkQR0eju9V4?authuser=0&hl=en&rclk=1,Financial Planners in Austin Texas,5.0,1,+1 512-280-0920,"314 E Highland Mall Blvd, Austin, TX 78752, United States",financialadvisorsoftexas.com
Proper Wealth of Apollon,https://www.google.com/maps/place/Proper+Wealth+of+Apollon/data=!4m7!3m6!1s0x8644b509bfeac14f:0x79c4edef53faa9d9!8m2!3d30.2686143!4d-97.7431011!16s%2Fg%2F11cnbc3_hd!19sChIJT8Hqvwm1RIYR2an6U-_txHk?authuser=0&hl=en&rclk=1,Financial Planners in Austin Texas,5.0,5,+1 917-647-5740,"600 Congress Ave. STE 1400, Austin, TX 78701, United States",properguidance.com
FMP Wealth Advisers,https://www.google.com/maps/place/FMP+Wealth+Advisers/data=!4m7!3m6!1s0x865b34c5758d4bb7:0xa50bb764c13d53ec!8m2!3d30.355407!4d-97.79639!16s%2Fg%2F1tfkwqzp!19sChIJt0uNdcU0W4YR7FM9wWS3C6U?authuser=0&hl=en&rclk=1,Financial Planners in Austin Texas,0.0,0,+1 512-329-5174,"6034 W Courtyard Dr Suite 380, Austin, TX 78730, United States",fmpwa.com
"Edward Jones - Financial Advisor: Nicholas Vorauer, CFP®|AAMS™","https://www.google.com/maps/place/Edward+Jones+-+Financial+Advisor:+Nicholas+Vorauer,+CFP%C2%AE%7CAAMS%E2%84%A2/data=!4m7!3m6!1s0x8644cb42bd275aa3:0xb4101a74ac31efc1!8m2!3d30.3733798!4d-97.7581961!16s%2Fg%2F1v8j0v1g!19sChIJo1onvULLRIYRwe8xrHQaELQ?authuser=0&hl=en&rclk=1",Financial Planners in Austin Texas,0.0,0,+1 512-241-0006,"4412 Spicewood Springs Rd Suite 100, Austin, TX 78759, United States",edwardjones.com
David Storer - RBC Wealth Management Financial Advisor,https://www.google.com/maps/place/David+Storer+-+RBC+Wealth+Management+Financial+Advisor/data=!4m7!3m6!1s0x8644b5e5972ff8d7:0x3fe76e2331dd3caf!8m2!3d30.2691075!4d-97.7458286!16s%2Fg%2F11fv7_ysk4!19sChIJ1_gvl-W1RIYRrzzdMSNu5z8?authuser=0&hl=en&rclk=1,Financial Planners in Austin Texas,0.0,0,+1 512-708-6343,"300 W 6th St Suite 2200, Austin, TX 78701, United States",us.rbcwealthmanagement.com
"Rick Dunagan - Financial Advisor, Ameriprise Financial Services, LLC","https://www.google.com/maps/place/Rick+Dunagan+-+Financial+Advisor,+Ameriprise+Financial+Services,+LLC/data=!4m7!3m6!1s0x8644cb7d8ea9ce2d:0x47ab5b986917f843!8m2!3d30.389734!4d-97.748803!16s%2Fg%2F11g6hznms4!19sChIJLc6pjn3LRIYRQ_gXaZhbq0c?authuser=0&hl=en&rclk=1",Financial Planners in Austin Texas,0.0,0,+1 512-691-5918,"Arboretum Plaza One, 9442 N Capital of Texas Hwy Ste 800, Austin, TX 78759, United States",ameripriseadvisors.com
"William Young - Financial Advisor, Ameriprise Financial Services, LLC","https://www.google.com/maps/place/William+Young+-+Financial+Advisor,+Ameriprise+Financial+Services,+LLC/data=!4m7!3m6!1s0x52b3290860055f27:0x8b5cfa565edbe191!8m2!3d30.3773191!4d-97.7637972!16s%2Fg%2F12vsfqqj_!19sChIJJ18FYAgps1IRkeHbXlb6XIs?authuser=0&hl=en&rclk=1",Financial Planners in Austin Texas,0.0,0,+1 512-527-8400,"4810 Spicewood Springs Rd Ste 200, Austin, TX 78759, United States",ameripriseadvisors.com
Morgan Stanley Financial Advisors,https://www.google.com/maps/place/Morgan+Stanley+Financial+Advisors/data=!4m7!3m6!1s0x86456c87939eed9f:0x3a4adbc7e194b765!8m2!3d30.2653335!4d-97.7431052!16s%2Fg%2F1tpll3jq!19sChIJn-2ek4dsRYYRZbeU4cfbSjo?authuser=0&hl=en&rclk=1,Financial Planners in Austin Texas,1.0,1,+1 512-480-8833,"301 Congress Ave. STE 1400, Austin, TX 78701, United States",advisor.morganstanley.com
"Edward Jones - Financial Advisor: Paul Zappitielli, AAMS™|CRPC™","https://www.google.com/maps/place/Edward+Jones+-+Financial+Advisor:+Paul+Zappitielli,+AAMS%E2%84%A2%7CCRPC%E2%84%A2/data=!4m7!3m6!1s0x865b4b242299204d:0x8329916007e71c9f!8m2!3d30.3747848!4d-97.7386977!16s%2Fg%2F11b77qmjzh!19sChIJTSCZIiRLW4YRnxznB2CRKYM?authuser=0&hl=en&rclk=1",Financial Planners in Austin Texas,0.0,0,+1 512-795-7591,"8701 N Mopac Expy Suite 490, Austin, TX 78759, United States",edwardjones.com
Financial Aurora,https://www.google.com/maps/place/Financial+Aurora/data=!4m7!3m6!1s0x8644cba180f2795b:0x7f16ba4ea9b28948!8m2!3d30.3661928!4d-97.7375602!16s%2Fg%2F1260blj_x!19sChIJW3nygKHLRIYRSImyqU66Fn8?authuser=0&hl=en&rclk=1,Financial Planners in Austin Texas,5.0,2,+1 512-213-6400,"3200 Steck Ave STE 250, Austin, TX 78757, United States",financialaurora.com
"Core Investment Group, LLC","https://www.google.com/maps/place/Core+Investment+Group,+LLC/data=!4m7!3m6!1s0x8644b4c9beb753e7:0x8f69ce6fc5ea3178!8m2!3d30.2589074!4d-97.7526201!16s%2Fg%2F11b7rn6lb5!19sChIJ51O3vsm0RIYReDHqxW_OaY8?authuser=0&hl=en&rclk=1",Financial Planners in Austin Texas,5.0,3,+1 512-496-4333,"801 Barton Springs Rd, Austin, TX 78704, United States",investwithcore.com
Purcell Financial Solutions Group,https://www.google.com/maps/place/Purcell+Financial+Solutions+Group/data=!4m7!3m6!1s0x865b4b38ed65829f:0x884089745b894b4!8m2!3d30.2357563!4d-97.8372519!16s%2Fg%2F11g0pctq1l!19sChIJn4Jl7ThLW4YRtJS4RZcIhAg?authuser=0&hl=en&rclk=1,Financial Planners in Austin Texas,0.0,0,+1 512-264-3833,"5307 W US Hwy 290 Service Rd, Bldg. 2, Ste.1, Austin, TX 78735, United States",moneymaugel.com
"Elisabeth Uhl - Financial Advisor, Ameriprise Financial Services, LLC","https://www.google.com/maps/place/Elisabeth+Uhl+-+Financial+Advisor,+Ameriprise+Financial+Services,+LLC/data=!4m7!3m6!1s0x8644cbfdab5a7bff:0x696f5b203a52cea0!8m2!3d30.3902927!4d-97.7487708!16s%2Fg%2F11fv76ylw7!19sChIJ_3taq_3LRIYRoM5SOiBbb2k?authuser=0&hl=en&rclk=1",Financial Planners in Austin Texas,0.0,0,+1 512-314-5309,"Arboretum Plaza One, 9442 N Capital of Texas Hwy Ste 800, Austin, TX 78759, United States",ameripriseadvisors.com
"Financial Fixation, LLC.","https://www.google.com/maps/place/Financial+Fixation,+LLC./data=!4m7!3m6!1s0x8644ca2ec130a829:0x2dffdadf85c73bfe!8m2!3d30.3901822!4d-97.7486612!16s%2Fg%2F11hcq_fj3r!19sChIJKagwwS7KRIYR_jvHhd_a_y0?authuser=0&hl=en&rclk=1",Financial Planners in Austin Texas,4.5,8,+1 512-309-8810,"9442 N Capital of Texas Hwy Plaza 1, 5th Floor, Austin, TX 78759, United States",financialfixationllc.com
"Travis Knapp - Financial Advisor, Ameriprise Financial Services, LLC","https://www.google.com/maps/place/Travis+Knapp+-+Financial+Advisor,+Ameriprise+Financial+Services,+LLC/data=!4m7!3m6!1s0x8644cb39362172ed:0x5072f7d63e754ab8!8m2!3d30.3901323!4d-97.7486448!16s%2Fg%2F11rgp8f7wz!19sChIJ7XIhNjnLRIYRuEp1Ptb3clA?authuser=0&hl=en&rclk=1",Financial Planners in Austin Texas,0.0,0,+1 512-314-5374,"Arboretum Plaza One, 9442 N Capital of Texas Hwy Ste 800, Austin, TX 78759, United States",ameripriseadvisors.com
"Tom Uhl - Financial Advisor, Ameriprise Financial Services, LLC","https://www.google.com/maps/place/Tom+Uhl+-+Financial+Advisor,+Ameriprise+Financial+Services,+LLC/data=!4m7!3m6!1s0x8644cb7d89f88547:0x9334585a733475dd!8m2!3d30.3898452!4d-97.7488133!16s%2Fg%2F11cmj01390!19sChIJR4X4iX3LRIYR3XU0c1pYNJM?authuser=0&hl=en&rclk=1",Financial Planners in Austin Texas,0.0,0,+1 512-691-5944,"Arboretum Plaza One, 9442 N Capital of Texas Hwy Ste 800, Austin, TX 78759, United States",ameripriseadvisors.com
Grace Capital Management LLC,https://www.google.com/maps/place/Grace+Capital+Management+LLC/data=!4m7!3m6!1s0x8644ccf236af7ef9:0x2c625615b5c3454b!8m2!3d30.4179525!4d-97.7499249!16s%2Fg%2F1tgn9_qd!19sChIJ-X6vNvLMRIYRS0XDtRVWYiw?authuser=0&hl=en&rclk=1,Financial Planners in Austin Texas,5.0,2,+1 512-485-1800,"11651 Jollyville Rd STE 300, Austin, TX 78759, United States",grace-cap.com
"Castro & Associates - Ameriprise Financial Services, LLC","https://www.google.com/maps/place/Castro+%26+Associates+-+Ameriprise+Financial+Services,+LLC/data=!4m7!3m6!1s0x8644cbb67d5d4ebd:0x64f1b3c1a9b2fb12!8m2!3d30.3902927!4d-97.7487707!16s%2Fg%2F11jmvw4_lz!19sChIJvU5dfbbLRIYREvuyqcGz8WQ?authuser=0&hl=en&rclk=1",Financial Planners in Austin Texas,0.0,0,+1 512-691-5999,"Arboretum Plaza One, 9442 N Capital of Texas Hwy Ste 800, Austin, TX 78759, United States",ameripriseadvisors.com
"Scott A Miller - Financial Advisor, Ameriprise Financial Services, LLC","https://www.google.com/maps/place/Scott+A+Miller+-+Financial+Advisor,+Ameriprise+Financial+Services,+LLC/data=!4m7!3m6!1s0x864e6980ab24ec55:0x4e7afb0049300d8f!8m2!3d30.4187962!4d-97.7509244!16s%2Fg%2F1ptx4kbp7!19sChIJVewkq4BpToYRjw0wSQD7ek4?authuser=0&hl=en&rclk=1",Financial Planners in Austin Texas,0.0,0,+1 817-447-6464,"11675 Jollyville Rd STE 200, Austin, TX 78759, United States",ameripriseadvisors.com
Henry & Burns Private Wealth,https://www.google.com/maps/place/Henry+%26+Burns+Private+Wealth/data=!4m7!3m6!1s0x8644cc820a5d55e9:0xb51bf62f9079fa12!8m2!3d30.4188196!4d-97.7508736!16s%2Fg%2F1jkwjsv7d!19sChIJ6VVdCoLMRIYREvp5kC_2G7U?authuser=0&hl=en&rclk=1,Financial Planners in Austin Texas,0.0,0,+1 512-231-0725,"11675 Jollyville Rd STE 200, Austin, TX 78759, United States",ameripriseadvisors.com
Edward Jones - Financial Advisor: Julia Coffey,https://www.google.com/maps/place/Edward+Jones+-+Financial+Advisor:+Julia+Coffey/data=!4m7!3m6!1s0x865b3562319387d7:0x3be1a17fe6cca926!8m2!3d30.2728525!4d-97.7585521!16s%2Fg%2F11j86y3jj9!19sChIJ14eTMWI1W4YRJqnM5n-h4Ts?authuser=0&hl=en&rclk=1,Financial Planners in Austin Texas,0.0,0,+1 512-480-8003,"1211 W 6th St Ste 200, Austin, TX 78703, United States",edwardjones.com
Southwest Retirement Advisors,https://www.google.com/maps/place/Southwest+Retirement+Advisors/data=!4m7!3m6!1s0x865b32b0f1486597:0x46a461a690594dfa!8m2!3d30.4643116!4d-97.7942363!16s%2Fg%2F11ddyhzvd9!19sChIJl2VI8bAyW4YR-k1ZkKZhpEY?authuser=0&hl=en&rclk=1,Financial Planners in Austin Texas,0.0,0,+1 512-342-7063,"13809 Research Blvd #645, Austin, TX 78750, United States",swretirement.com
Edward Jones - Financial Advisor: Pat M Woodman,https://www.google.com/maps/place/Edward+Jones+-+Financial+Advisor:+Pat+M+Woodman/data=!4m7!3m6!1s0x8644cb04fef84593:0x6dee85cdcc085c3c!8m2!3d30.2610562!4d-97.7898647!16s%2Fg%2F11bwh9y65m!19sChIJk0X4_gTLRIYRPFwIzM2F7m0?authuser=0&hl=en&rclk=1,Financial Planners in Austin Texas,0.0,0,+1 512-894-0665,"1501 S MoPac Expy #310, Austin, TX 78746, United States",edwardjones.com
"John Thrower - Financial Advisor, Ameriprise Financial Services, LLC","https://www.google.com/maps/place/John+Thrower+-+Financial+Advisor,+Ameriprise+Financial+Services,+LLC/data=!4m7!3m6!1s0x8644cc820a5d55e9:0xe3858b5035035e6d!8m2!3d30.3903496!4d-97.7488106!16s%2Fg%2F11c3tr_gt3!19sChIJ6VVdCoLMRIYRbV4DNVCLheM?authuser=0&hl=en&rclk=1",Financial Planners in Austin Texas,0.0,0,+1 512-788-3181,"Arboretum Plaza One, 9442 N Capital of Texas Hwy Ste 800, Austin, TX 78759, United States",ameripriseadvisors.com
Tim Marwill - RBC Wealth Management Financial Advisor,https://www.google.com/maps/place/Tim+Marwill+-+RBC+Wealth+Management+Financial+Advisor/data=!4m7!3m6!1s0x8644b56f5643ae6d:0x3faacd3225d7ec2f!8m2!3d30.2691214!4d-97.7457944!16s%2Fg%2F11j7k5cp69!19sChIJba5DVm-1RIYRL-zXJTLNqj8?authuser=0&hl=en&rclk=1,Financial Planners in Austin Texas,0.0,0,+1 512-708-6310,"300 W 6th St Suite 2200, Austin, TX 78701, United States",us.rbcwealthmanagement.com
Grant Carter - RBC Wealth Management Financial Advisor,https://www.google.com/maps/place/Grant+Carter+-+RBC+Wealth+Management+Financial+Advisor/data=!4m7!3m6!1s0x8644b50772a878f5:0xa8349b656153f031!8m2!3d30.2692922!4d-97.7457015!16s%2Fg%2F11vyt12v3l!19sChIJ9Xiocge1RIYRMfBTYWWbNKg?authuser=0&hl=en&rclk=1,Financial Planners in Austin Texas,0.0,0,+1 512-708-6341,"300 W 6th St Suite 2200, Austin, TX 78701, United States",us.rbcwealthmanagement.com
Prominent Financial Planning LLC,https://www.google.com/maps/place/Prominent+Financial+Planning+LLC/data=!4m7!3m6!1s0x865b45b6b96ceae3:0xfeb3cac232ea4dfb!8m2!3d30.1641247!4d-97.996336!16s%2Fg%2F1pzrkl3zk!19sChIJ4-psubZFW4YR-03qMsLKs_4?authuser=0&hl=en&rclk=1,Financial Planners in Austin Texas,0.0,0,+1 512-660-7766,"111 Sandpiper Cove, Austin, TX 78737, United States",prominentfp.com
Merrill Lynch Wealth Management,https://www.google.com/maps/place/Merrill+Lynch+Wealth+Management/data=!4m7!3m6!1s0x865b4ad8e7cde6c9:0x651aeea424664019!8m2!3d30.3364259!4d-97.8073099!16s%2Fg%2F1tdqty45!19sChIJyebN59hKW4YRGUBmJKTuGmU?authuser=0&hl=en&rclk=1,Financial Planners in Austin Texas,5.0,2,+1 512-795-2519,"3700 N Capital of Texas Hwy, Austin, TX 78746, United States",advisor.ml.com
"Ros Respecia - Financial Advisor, Ameriprise Financial Services, LLC","https://www.google.com/maps/place/Ros+Respecia+-+Financial+Advisor,+Ameriprise+Financial+Services,+LLC/data=!4m7!3m6!1s0x8644ccf18bd2ebc9:0xeb1c0b623c3fe55c!8m2!3d30.4188143!4d-97.7509189!16s%2Fg%2F11f26wdmrx!19sChIJyevSi_HMRIYRXOU_PGILHOs?authuser=0&hl=en&rclk=1",Financial Planners in Austin Texas,0.0,0,+1 512-231-0725,"11675 Jollyville Rd STE 200, Austin, TX 78759, United States",ameripriseadvisors.com
Terry Sherman - RBC Wealth Management Financial Advisor,https://www.google.com/maps/place/Terry+Sherman+-+RBC+Wealth+Management+Financial+Advisor/data=!4m7!3m6!1s0x8644b517049cbd71:0xd30bafecc89738bc!8m2!3d30.2691214!4d-97.7457944!16s%2Fg%2F11j7k55wb4!19sChIJcb2cBBe1RIYRvDiXyOyvC9M?authuser=0&hl=en&rclk=1,Financial Planners in Austin Texas,0.0,0,+1 512-708-6318,"300 W 6th St Suite 2200, Austin, TX 78701, United States",us.rbcwealthmanagement.com
